,Nature,People,Diagrams,Decorations,Miniatures,Text,Architecture,Landscape,Objects,Maps,Seals,Animals,1-2 keywords
https://www.flickr.com/photos/britishlibrary/11115251393/in/photostream/,,1,,,,,,,,,,,plants
https://www.flickr.com/photos/britishlibrary/11115251333/in/photostream/,,1,,,,,,,,,,,huts
https://www.flickr.com/photos/britishlibrary/11115123314/in/photostream/,,,,,,,,,1,,,,cherry
https://www.flickr.com/photos/britishlibrary/11115123254/in/photostream/,1,,,,,,,,,,,,river
https://www.flickr.com/photos/britishlibrary/11115062205/in/photostream/,,,,,,,1,,,,,,door
https://www.flickr.com/photos/britishlibrary/11115250693/in/photostream/,,,,,,,,,,,1,,
https://www.flickr.com/photos/britishlibrary/11115250653/in/photostream/,,1,,,,,,,,,,,horse
https://www.flickr.com/photos/britishlibrary/11115105316/in/photostream/,,,,1,,,,,,,,,
https://www.flickr.com/photos/britishlibrary/11115122414/in/photostream/,,1,,,,,,,,,,,
https://www.flickr.com/photos/britishlibrary/11115104956/in/photostream/,,,,,,,,,,1,,,
https://www.flickr.com/photos/britishlibrary/11115250113/in/photostream/,,,,,1,,,,,,,,A
https://www.flickr.com/photos/britishlibrary/11115104806/in/photostream/,,,,,,,,,1,,,,
https://www.flickr.com/photos/britishlibrary/11115104566/in/photostream/,,,,,,,,,,,,1,
https://www.flickr.com/photos/britishlibrary/11115121484/in/photostream/,,,,,,,,,1,,,,
https://www.flickr.com/photos/britishlibrary/11115060465/in/photostream/,,,,,1,,,,,,,,A
https://www.flickr.com/photos/britishlibrary/11115103836/in/photostream/,,,,,,,,,1,,,,
https://www.flickr.com/photos/britishlibrary/11115103816/in/photostream/,1,,,,,,,,,,,,flowers
https://www.flickr.com/photos/britishlibrary/11115060305/in/photostream/,,,,,,,,,,1,,,
https://www.flickr.com/photos/britishlibrary/11115120954/in/photostream/,,,,,,,,,1,,,,
https://www.flickr.com/photos/britishlibrary/11115248753/in/photostream/,,,,1,,,,,,,,,
https://www.flickr.com/photos/britishlibrary/11115059935/in/photostream/,,,,1,,,,,,,,,
https://www.flickr.com/photos/britishlibrary/11115120254/in/photostream/,,,1,,,,,,,,,,
https://www.flickr.com/photos/britishlibrary/11115247873/in/photostream/,,,1,,,,,,,,,,
https://www.flickr.com/photos/britishlibrary/11115120104/in/photostream/,1,,,,,,,,,,,,
https://www.flickr.com/photos/britishlibrary/11115120034/in/photostream/,,,,1,,,,,,,,,
https://www.flickr.com/photos/britishlibrary/11115119804/in/photostream/,,,,,,,,,,1,,,volcano
https://www.flickr.com/photos/britishlibrary/11115119604/in/photostream/,,1,,,,,,,,,,,
https://www.flickr.com/photos/britishlibrary/11115102216/in/photostream/,,,,1,,,,,,,,,
https://www.flickr.com/photos/britishlibrary/11115058665/in/photostream/,,,,,1,,,,,,,,
https://www.flickr.com/photos/britishlibrary/11115246693/in/photostream/,,,,1,,,,,,,,,
https://www.flickr.com/photos/britishlibrary/11115118974/in/photostream/,,,,,,,,,,1,,,
https://www.flickr.com/photos/britishlibrary/11115118894/in/photostream/,,1,,,,,,,,,,,
https://www.flickr.com/photos/britishlibrary/11115101546/in/photostream/,,,,,,,,,1,,,,
https://www.flickr.com/photos/britishlibrary/11115246113/in/photostream/,1,,,,,,,,,,,,
https://www.flickr.com/photos/britishlibrary/11115245903/in/photostream/,1,,,,,,,,,,,,
https://www.flickr.com/photos/britishlibrary/11115118184/in/photostream/,1,,,,,,,,,,,,
https://www.flickr.com/photos/britishlibrary/11115057685/in/photostream/,,,,1,,,,,,,,,
https://www.flickr.com/photos/britishlibrary/11115245573/in/photostream/,,,,1,,,,,,,,,
https://www.flickr.com/photos/britishlibrary/11115245143/in/photostream/,,,,1,,,,,,,,,
https://www.flickr.com/photos/britishlibrary/11115244993/in/photostream/,,,,,,,,,1,,,,
https://www.flickr.com/photos/britishlibrary/11115117194/in/photostream/,,1,,,,,,,,,,,
https://www.flickr.com/photos/britishlibrary/11115244773/in/photostream/,,1,,,,,,,,,,,
https://www.flickr.com/photos/britishlibrary/11115244683/in/photostream/,,1,,,,,,,,,,,
https://www.flickr.com/photos/britishlibrary/11115117024/in/photostream/,,,,,1,,,,,,,,L
https://www.flickr.com/photos/britishlibrary/11115056235/in/photostream/,1,,,,,,,,,,,,
https://www.flickr.com/photos/britishlibrary/11115244093/in/photostream/,,,,,,,,,,,,1,insect
https://www.flickr.com/photos/britishlibrary/11115099286/in/photostream/,,1,,,,,,,,,,,
https://www.flickr.com/photos/britishlibrary/11115243963/in/photostream/,,,,,,,1,,,,,,
https://www.flickr.com/photos/britishlibrary/11115115954/in/photostream/,1,,,,,,,,,,,,
https://www.flickr.com/photos/britishlibrary/11115115944/in/photostream/,,1,,,,,,,,,,,
https://www.flickr.com/photos/britishlibrary/11115243323/in/photostream/,,,,,1,,,,,,,,W
https://www.flickr.com/photos/britishlibrary/11115054835/in/photostream/,,,,,,,,,1,,,,
https://www.flickr.com/photos/britishlibrary/11115114844/in/photostream/,,,,,,,,1,,,,,
https://www.flickr.com/photos/britishlibrary/11115054255/in/photostream/,1,,,,,,,,,,,,
https://www.flickr.com/photos/britishlibrary/11115097476/in/photostream/,,,,,,,,,,,,,E
https://www.flickr.com/photos/britishlibrary/11115242443/in/photostream/,,,,,,,,,,1,,,
https://www.flickr.com/photos/britishlibrary/11115114614/in/photostream/,,,,,,,,,1,,,,monuments
https://www.flickr.com/photos/britishlibrary/11115114184/in/photostream/,,1,,,,,,,,,,,
https://www.flickr.com/photos/britishlibrary/11115114164/in/photostream/,,,,,,,,,,1,,,
https://www.flickr.com/photos/britishlibrary/11115114004/in/photostream/,,1,,,,,,,,,,,
https://www.flickr.com/photos/britishlibrary/11115241413/in/photostream/,,1,,,,,,,,,,,
https://www.flickr.com/photos/britishlibrary/11115052885/in/photostream/,,,,,,,1,,,,,,
https://www.flickr.com/photos/britishlibrary/11115241233/in/photostream/,,1,,,,,,,,,,,
https://www.flickr.com/photos/britishlibrary/11115052785/in/photostream/,1,,,,,,,,,,,,
https://www.flickr.com/photos/britishlibrary/11115113434/in/photostream/,,,,,,,,,,1,,,
https://www.flickr.com/photos/britishlibrary/11115240763/in/photostream/,,,,,,,,,,1,,,
https://www.flickr.com/photos/britishlibrary/11115112994/in/photostream/,,,,,,,,,1,,,,
https://www.flickr.com/photos/britishlibrary/11115052225/in/photostream/,,,,,,,,,,,1,,S
https://www.flickr.com/photos/britishlibrary/11115051875/in/photostream/,,,,,,,,1,,,,,
https://www.flickr.com/photos/britishlibrary/11115240203/in/photostream/,1,,,,,,,,,,,,
https://www.flickr.com/photos/britishlibrary/11115095216/in/photostream/,,1,,,,,,,,,,,
https://www.flickr.com/photos/britishlibrary/11115051685/in/photostream/,,,,1,,,,,,,,,
https://www.flickr.com/photos/britishlibrary/11115239933/in/photostream/,,,,1,,,,,,,,,
https://www.flickr.com/photos/britishlibrary/11115051005/in/photostream/,,,,1,,,,,,,,,
https://www.flickr.com/photos/britishlibrary/11115094336/in/photostream/,,,,1,,,,,,,,,
https://www.flickr.com/photos/britishlibrary/11115094306/in/photostream/,,,,,,,1,,,,,,
https://www.flickr.com/photos/britishlibrary/11115050945/in/photostream/,,1,,,,,,,,,,,
https://www.flickr.com/photos/britishlibrary/11115238943/in/photostream/,1,,,,,,,,,,,,
https://www.flickr.com/photos/britishlibrary/11115093756/in/photostream/,,,,1,,,,,,,,,
https://www.flickr.com/photos/britishlibrary/11115238703/in/photostream/,,,,,,,,,,1,,,
https://www.flickr.com/photos/britishlibrary/11115110454/in/photostream/,,,,,,,,1,,,,,
https://www.flickr.com/photos/britishlibrary/11115093456/in/photostream/,,1,,,,,,,,,,,
https://www.flickr.com/photos/britishlibrary/11115049755/in/photostream/,,,,1,,,,,,,,,
https://www.flickr.com/photos/britishlibrary/11115049665/in/photostream/,,,,,,,,,,,1,,
https://www.flickr.com/photos/britishlibrary/11115109754/in/photostream/,,,,,1,,,,,,,,H
https://www.flickr.com/photos/britishlibrary/11115237403/in/photostream/,,,,,,,,,1,,,,Beauty
https://www.flickr.com/photos/britishlibrary/11115092166/in/photostream/,,,,,,,1,,,,,,
https://www.flickr.com/photos/britishlibrary/11115237343/in/photostream/,,,,,,,,1,,,,,
https://www.flickr.com/photos/britishlibrary/11115091916/in/photostream/,,,,1,,,,,,,,,
https://www.flickr.com/photos/britishlibrary/11115048645/in/photostream/,,,,,,,1,,,,,,
https://www.flickr.com/photos/britishlibrary/11115236813/in/photostream/,,1,,,,,,,,,,,horse
https://www.flickr.com/photos/britishlibrary/11115048415/in/photostream/,,,,1,,,,,,,,,
https://www.flickr.com/photos/britishlibrary/11115236523/in/photostream/,1,,,,,,,,,,,,
https://www.flickr.com/photos/britishlibrary/11115107884/in/photostream/,,,,1,,,,,,,,,
https://www.flickr.com/photos/britishlibrary/11115107754/in/photostream/,,,,,,,,,,,1,,
https://www.flickr.com/photos/britishlibrary/11115235763/in/photostream/,,1,,,,,,,,,,,
https://www.flickr.com/photos/britishlibrary/11115107414/in/photostream/,,,,,,,,1,,,,,
https://www.flickr.com/photos/britishlibrary/11115047235/in/photostream/,,1,,,,,,,,,,,
https://www.flickr.com/photos/britishlibrary/11115047125/in/photostream/,,,,,,,1,,,,,,
https://www.flickr.com/photos/britishlibrary/11115107024/in/photostream/,,,,,,,1,,,,,,
https://www.flickr.com/photos/britishlibrary/11115234913/in/photostream/,,,,,1,,,,,,,,T
https://www.flickr.com/photos/britishlibrary/11115089196/in/photostream/,,,1,,,,,,,,,,
https://www.flickr.com/photos/britishlibrary/11115046325/in/photostream/,,,,,,,,,1,,,,
https://www.flickr.com/photos/britishlibrary/11115106054/in/photostream/,,,,,,,,,1,,,,
https://www.flickr.com/photos/britishlibrary/11115045725/in/photostream/,,,,,,,,,,1,,,
https://www.flickr.com/photos/britishlibrary/11115045625/in/photostream/,,,,1,,,,,,,,,
https://www.flickr.com/photos/britishlibrary/11115233703/in/photostream/,1,,,,,,,,,,,,
https://www.flickr.com/photos/britishlibrary/11115045115/in/photostream/,,1,,,,,,,,,,,
https://www.flickr.com/photos/britishlibrary/11115045065/in/photostream/,,1,,,,,,,,,,,
https://www.flickr.com/photos/britishlibrary/11115044915/in/photostream/,1,,,,,,,,,,,,
https://www.flickr.com/photos/britishlibrary/11115104664/in/photostream/,,,,,,,,1,,,,,
https://www.flickr.com/photos/britishlibrary/11115232633/in/photostream/,,,,1,,,,,,,,,
https://www.flickr.com/photos/britishlibrary/11115044455/in/photostream/,,,,,,,,,1,,,,
https://www.flickr.com/photos/britishlibrary/11115086756/in/photostream/,,,,,,,,,,1,,,
https://www.flickr.com/photos/britishlibrary/11115232323/in/photostream/,,,,,,,,1,,,,,
https://www.flickr.com/photos/britishlibrary/11115043805/in/photostream/,,,,,,,,,,,1,,
https://www.flickr.com/photos/britishlibrary/11115103694/in/photostream/,,,,,,,1,,,,,,
https://www.flickr.com/photos/britishlibrary/11115103434/in/photostream/,1,,,,,,,,,,,,
https://www.flickr.com/photos/britishlibrary/11115085936/in/photostream/,,,,1,,,,,,,,,
https://www.flickr.com/photos/britishlibrary/11115231303/in/photostream/,1,,,,,,,,,,,,
https://www.flickr.com/photos/britishlibrary/11115042805/in/photostream/,,,,,,,,,1,,,,
https://www.flickr.com/photos/britishlibrary/11115085416/in/photostream/,1,,,,,,,,,,,,
https://www.flickr.com/photos/britishlibrary/11115085076/in/photostream/,,,,,,,,,,1,,,
https://www.flickr.com/photos/britishlibrary/11115230643/in/photostream/,,,,1,,,,,,,,,
https://www.flickr.com/photos/britishlibrary/11115229873/in/photostream/,,1,,,,,,,,,,,
https://www.flickr.com/photos/britishlibrary/11115102074/in/photostream/,,,,,1,,,,,,,,O
https://www.flickr.com/photos/britishlibrary/11115041355/in/photostream/,,,,,,,,,,,1,,
https://www.flickr.com/photos/britishlibrary/11115229403/in/photostream/,,1,,,,,,,,,,,
https://www.flickr.com/photos/britishlibrary/11115229323/in/photostream/,,,,,,,,1,,,,,
https://www.flickr.com/photos/britishlibrary/11115083736/in/photostream/,,,,,,,,,,,,1,
https://www.flickr.com/photos/britishlibrary/11115101274/in/photostream/,,,,,,,,,,,,1,
https://www.flickr.com/photos/britishlibrary/11115101014/in/photostream/,,,,,,,,,,1,,,
https://www.flickr.com/photos/britishlibrary/11115100994/in/photostream/,,,,,,,,,1,,,,
https://www.flickr.com/photos/britishlibrary/11115083056/in/photostream/,,,,1,,,,,,,,,
https://www.flickr.com/photos/britishlibrary/11115040085/in/photostream/,,1,,,,,,,,,,,
https://www.flickr.com/photos/britishlibrary/11115082746/in/photostream/,,,,1,,,,,,,,,
https://www.flickr.com/photos/britishlibrary/11115100344/in/photostream/,,1,,,,,,,,,,,
https://www.flickr.com/photos/britishlibrary/11115082336/in/photostream/,,,,,,,1,,,,,,
https://www.flickr.com/photos/britishlibrary/11115082176/in/photostream/,,,,1,,,,,,,,,
https://www.flickr.com/photos/britishlibrary/11115227413/in/photostream/,,,,,,,,,1,,,,
https://www.flickr.com/photos/britishlibrary/11115099504/in/photostream/,,,,,,,,1,,,,,
https://www.flickr.com/photos/britishlibrary/11115226973/in/photostream/,,,,,,,,1,,,,,
https://www.flickr.com/photos/britishlibrary/11115081466/in/photostream/,,,,,,,,,,1,,,
https://www.flickr.com/photos/britishlibrary/11115226793/in/photostream/,,,,1,,,,,,,,,
https://www.flickr.com/photos/britishlibrary/11115099314/in/photostream/,,,,,1,,,,,,,,T
https://www.flickr.com/photos/britishlibrary/11115098774/in/photostream/,,,,1,,,,,,,,,
https://www.flickr.com/photos/britishlibrary/11115226303/in/photostream/,,,,,,,,,,,,,W
https://www.flickr.com/photos/britishlibrary/11115038365/in/photostream/,,,,1,,,,,,,,,
https://www.flickr.com/photos/britishlibrary/11115037975/in/photostream/,,1,,,,,,,,,,,
https://www.flickr.com/photos/britishlibrary/11115037945/in/photostream/,,,,,,,,1,,,,,
https://www.flickr.com/photos/britishlibrary/11115080176/in/photostream/,,,1,,,,,,,,,,
https://www.flickr.com/photos/britishlibrary/11115098174/in/photostream/,,,1,,,,,,,,,,
https://www.flickr.com/photos/britishlibrary/11115098114/in/photostream/,,,,,,,1,,,,,,
https://www.flickr.com/photos/britishlibrary/11115225123/in/photostream/,,,,,,,,,,1,,,
https://www.flickr.com/photos/britishlibrary/11115079516/in/photostream/,,1,,,,,,,,,,,
https://www.flickr.com/photos/britishlibrary/11115037185/in/photostream/,,,,,,,,1,,,,,
https://www.flickr.com/photos/britishlibrary/11115097314/in/photostream/,,,,,,,,,,1,,,
https://www.flickr.com/photos/britishlibrary/11115079246/in/photostream/,,1,,,,,,,,,,,
https://www.flickr.com/photos/britishlibrary/11115224563/in/photostream/,,1,,,,,,,,,,,
https://www.flickr.com/photos/britishlibrary/11115078996/in/photostream/,,1,,,,,,,,,,,
https://www.flickr.com/photos/britishlibrary/11115224403/in/photostream/,,,,1,,,,,,,,,
https://www.flickr.com/photos/britishlibrary/11115096414/in/photostream/,,1,,,,,,,,,,,
https://www.flickr.com/photos/britishlibrary/11115036175/in/photostream/,,1,,,,,,,,,,,
https://www.flickr.com/photos/britishlibrary/11115223933/in/photostream/,,,,,,,,,,,1,,
https://www.flickr.com/photos/britishlibrary/11115223833/in/photostream/,,1,,,,,,,,,,,
https://www.flickr.com/photos/britishlibrary/11115096064/in/photostream/,,,,,,,,,,1,,,
https://www.flickr.com/photos/britishlibrary/11115035565/in/photostream/,,,,,1,,,,,,,,T
https://www.flickr.com/photos/britishlibrary/11115095444/in/photostream/,,1,,,,,,,,,,,
https://www.flickr.com/photos/britishlibrary/11115095164/in/photostream/,,,,1,,,,,,,,,
https://www.flickr.com/photos/britishlibrary/11115095094/in/photostream/,,,,,,,,1,,,,,
https://www.flickr.com/photos/britishlibrary/11115077266/in/photostream/,,,,,,,,,,1,,,
https://www.flickr.com/photos/britishlibrary/11115222463/in/photostream/,,,,,,,,,,,,1,
https://www.flickr.com/photos/britishlibrary/11115222303/in/photostream/,,,,1,,,,,,,,,
https://www.flickr.com/photos/britishlibrary/11115222163/in/photostream/,,,,,,,,,1,,,,
https://www.flickr.com/photos/britishlibrary/11115093974/in/photostream/,,,,1,,,,,,,,,
https://www.flickr.com/photos/britishlibrary/11115033925/in/photostream/,1,,,,,,,,,,,,
https://www.flickr.com/photos/britishlibrary/11115033405/in/photostream/,,,,,,,,1,,,,,
https://www.flickr.com/photos/britishlibrary/11115221203/in/photostream/,,,,,,,,,1,,,,
https://www.flickr.com/photos/britishlibrary/11115075726/in/photostream/,,,,,,,,1,,,,,
https://www.flickr.com/photos/britishlibrary/11115033175/in/photostream/,,,,,,,,,1,,,,
https://www.flickr.com/photos/britishlibrary/11115032855/in/photostream/,,,,,1,,,,,,,,
https://www.flickr.com/photos/britishlibrary/11115092564/in/photostream/,1,,,,,,,,,,,,
https://www.flickr.com/photos/britishlibrary/11115092514/in/photostream/,,,,,,,,,,,1,,
https://www.flickr.com/photos/britishlibrary/11115075006/in/photostream/,,,,,,,,1,,,,,
https://www.flickr.com/photos/britishlibrary/11115074906/in/photostream/,,1,,,,,,,,,,,
https://www.flickr.com/photos/britishlibrary/11115032275/in/photostream/,1,,,,,,,,,,,,
https://www.flickr.com/photos/britishlibrary/11115219663/in/photostream/,,,,1,,,,,,,,,
https://www.flickr.com/photos/britishlibrary/11115219443/in/photostream/,,,,,1,,,,,,,,O
https://www.flickr.com/photos/britishlibrary/11115219263/in/photostream/,,,,,,,,,,,1,,
https://www.flickr.com/photos/britishlibrary/11115091244/in/photostream/,,,,,,,,,,1,,,
https://www.flickr.com/photos/britishlibrary/11115218833/in/photostream/,,,,,,,,,1,,,,
https://www.flickr.com/photos/britishlibrary/11115091144/in/photostream/,,,,,,,,1,,,,,
https://www.flickr.com/photos/britishlibrary/11115073666/in/photostream/,,1,,,,,,,,,,,
https://www.flickr.com/photos/britishlibrary/11115031125/in/photostream/,1,,,,,,,,,,,,
https://www.flickr.com/photos/britishlibrary/11115073236/in/photostream/,,,,,,,,1,,,,,
https://www.flickr.com/photos/britishlibrary/11115030625/in/photostream/,,,,1,,,,,,,,,
https://www.flickr.com/photos/britishlibrary/11115073166/in/photostream/,,,,,,,,1,,,,,
https://www.flickr.com/photos/britishlibrary/11115090284/in/photostream/,,1,,,,,,,,,,,
https://www.flickr.com/photos/britishlibrary/11115089904/in/photostream/,1,,,,,,,,,,,,
https://www.flickr.com/photos/britishlibrary/11115217713/in/photostream/,,,,,,,,,,1,,,
https://www.flickr.com/photos/britishlibrary/11115217623/in/photostream/,,,,,,,,,1,,,,
https://www.flickr.com/photos/britishlibrary/11115029645/in/photostream/,,,,1,,,,,,,,,
https://www.flickr.com/photos/britishlibrary/11115217113/in/photostream/,,1,,,,,,,,,,,
https://www.flickr.com/photos/britishlibrary/11115216923/in/photostream/,,,,1,,,,,,,,,
https://www.flickr.com/photos/britishlibrary/11115029125/in/photostream/,,,,,,,,1,,,,,
https://www.flickr.com/photos/britishlibrary/11115088724/in/photostream/,,,,,,,1,,,,,,
https://www.flickr.com/photos/britishlibrary/11115088414/in/photostream/,,,,,,,,,,1,,,
https://www.flickr.com/photos/britishlibrary/11115028335/in/photostream/,1,,,,,,,,,,,,
https://www.flickr.com/photos/britishlibrary/11115028235/in/photostream/,,,,,,,,,1,,,,
https://www.flickr.com/photos/britishlibrary/11115215763/in/photostream/,,,,,,,1,,,,,,
https://www.flickr.com/photos/britishlibrary/11115215573/in/photostream/,,,,,1,,,,,,,,O
https://www.flickr.com/photos/britishlibrary/11115027625/in/photostream/,,,1,,,,,,,,,,
https://www.flickr.com/photos/britishlibrary/11115027445/in/photostream/,,,,,,,,,,1,,,
https://www.flickr.com/photos/britishlibrary/11115087474/in/photostream/,,,,,,,,,,,,1,
https://www.flickr.com/photos/britishlibrary/11115027165/in/photostream/,,1,,,,,,,,,,,
https://www.flickr.com/photos/britishlibrary/11115087314/in/photostream/,1,,,,,,,,,,,,
https://www.flickr.com/photos/britishlibrary/11115087264/in/photostream/,1,,,,,,,,,,,,
https://www.flickr.com/photos/britishlibrary/11115086904/in/photostream/,,,,,1,,,,,,,,
https://www.flickr.com/photos/britishlibrary/11115026195/in/photostream/,,,,,,,,,1,,,,
https://www.flickr.com/photos/britishlibrary/11115026165/in/photostream/,,,,,,,,,,,,1,
https://www.flickr.com/photos/britishlibrary/11115068996/in/photostream/,1,,,,,,,,,,,,
https://www.flickr.com/photos/britishlibrary/11115025905/in/photostream/,,,,,,,,1,,,,,
https://www.flickr.com/photos/britishlibrary/11115025795/in/photostream/,,1,,,,,,,,,,,
https://www.flickr.com/photos/britishlibrary/11115068456/in/photostream/,,,,,,,,,,,,1,
https://www.flickr.com/photos/britishlibrary/11115068436/in/photostream/,,,,1,,,,,,,,,
https://www.flickr.com/photos/britishlibrary/11115068106/in/photostream/,,,,1,,,,,,,,,
https://www.flickr.com/photos/britishlibrary/11115085024/in/photostream/,,1,,,,,,,,,,,
https://www.flickr.com/photos/britishlibrary/11115067716/in/photostream/,,1,,,,,,,,,,,
https://www.flickr.com/photos/britishlibrary/11115024685/in/photostream/,,,,1,,,,,,,,,
https://www.flickr.com/photos/britishlibrary/11115084724/in/photostream/,,,,,,,,1,,,,,
https://www.flickr.com/photos/britishlibrary/11115212683/in/photostream/,1,,,,,,,,,,,,
https://www.flickr.com/photos/britishlibrary/11115212433/in/photostream/,,,,1,,,,,,,,,
https://www.flickr.com/photos/britishlibrary/11115084214/in/photostream/,,,,,,,,,,1,,,
https://www.flickr.com/photos/britishlibrary/11115084194/in/photostream/,,,,,,,,,1,,,,
https://www.flickr.com/photos/britishlibrary/11115066626/in/photostream/,,,,1,,,,,,,,,
https://www.flickr.com/photos/britishlibrary/11115083714/in/photostream/,,,,,,,1,,,,,,
https://www.flickr.com/photos/britishlibrary/11115066266/in/photostream/,,,,1,,,,,,,,,
https://www.flickr.com/photos/britishlibrary/11115066136/in/photostream/,1,,,,,,,,,,,,
https://www.flickr.com/photos/britishlibrary/11115211393/in/photostream/,,,,1,,,,,,,,,
https://www.flickr.com/photos/britishlibrary/11115022965/in/photostream/,,,,,,,,,1,,,,
https://www.flickr.com/photos/britishlibrary/11115210593/in/photostream/,,1,,,,,,,,,,,
https://www.flickr.com/photos/britishlibrary/11115210493/in/photostream/,,,,,,,,1,,,,,
https://www.flickr.com/photos/britishlibrary/11115065086/in/photostream/,,,,,,,,,,1,,,
https://www.flickr.com/photos/britishlibrary/11115210473/in/photostream/,,,,,1,,,,,,,,C
https://www.flickr.com/photos/britishlibrary/11115081954/in/photostream/,,,,,,,,,1,,,,
https://www.flickr.com/photos/britishlibrary/11115021715/in/photostream/,,,,,,,,1,,,,,
https://www.flickr.com/photos/britishlibrary/11115021505/in/photostream/,,,,1,,,,,,,,,
https://www.flickr.com/photos/britishlibrary/11115081404/in/photostream/,,,,,,,,1,,,,,
https://www.flickr.com/photos/britishlibrary/11115081274/in/photostream/,,,,,1,,,,,,,,T
https://www.flickr.com/photos/britishlibrary/11115064016/in/photostream/,,,,,,,,,,1,,,
https://www.flickr.com/photos/britishlibrary/11115020905/in/photostream/,,,,,,,,,,,1,,
https://www.flickr.com/photos/britishlibrary/11115020715/in/photostream/,,,,,,,1,,,,,,
https://www.flickr.com/photos/britishlibrary/11115080594/in/photostream/,,,,,1,,,,,,,,A
https://www.flickr.com/photos/britishlibrary/11115020265/in/photostream/,,,,,1,,,,,,,,M
https://www.flickr.com/photos/britishlibrary/11115020175/in/photostream/,,1,,,,,,,,,,,
https://www.flickr.com/photos/britishlibrary/11115080424/in/photostream/,,,,1,,,,,,,,,
https://www.flickr.com/photos/britishlibrary/11115062406/in/photostream/,,,,,1,,,,,,,,
https://www.flickr.com/photos/britishlibrary/11115079864/in/photostream/,1,,,,,,,,,,,,
https://www.flickr.com/photos/britishlibrary/11115079784/in/photostream/,,1,,,,,,,,,,,
https://www.flickr.com/photos/britishlibrary/11115208043/in/photostream/,,1,,,,,,,,,,,
https://www.flickr.com/photos/britishlibrary/11115207733/in/photostream/,,,,,,,1,,,,,,
https://www.flickr.com/photos/britishlibrary/11115019005/in/photostream/,1,,,,,,,,,,,,
https://www.flickr.com/photos/britishlibrary/11115018925/in/photostream/,,,,,,,,,1,,,,
https://www.flickr.com/photos/britishlibrary/11115061626/in/photostream/,,1,,,,,,,,,,,
https://www.flickr.com/photos/britishlibrary/11115078774/in/photostream/,,,,1,,,,,,,,,
https://www.flickr.com/photos/britishlibrary/11115206803/in/photostream/,,,,,1,,,,,,,,A
https://www.flickr.com/photos/britishlibrary/11115061026/in/photostream/,,1,,,,,,,,,,,
https://www.flickr.com/photos/britishlibrary/11115206403/in/photostream/,,1,,,,,,,,,,,
https://www.flickr.com/photos/britishlibrary/11115060496/in/photostream/,,1,,,,,,,,,,,
https://www.flickr.com/photos/britishlibrary/11115206333/in/photostream/,,1,,,,,,,,,,,
https://www.flickr.com/photos/britishlibrary/11115077984/in/photostream/,1,,,,,,,,,,,,
https://www.flickr.com/photos/britishlibrary/11115206183/in/photostream/,,,,,1,,,,,,,,
https://www.flickr.com/photos/britishlibrary/11115059746/in/photostream/,,,,,,,,,,,1,,
https://www.flickr.com/photos/britishlibrary/11115059716/in/photostream/,,1,,,,,,,,,,,horse
https://www.flickr.com/photos/britishlibrary/11115077294/in/photostream/,,,,,,,,1,,,,,
https://www.flickr.com/photos/britishlibrary/11115016545/in/photostream/,,,,,,,1,,,,,,
https://www.flickr.com/photos/britishlibrary/11115016425/in/photostream/,,,,,1,,,,,,,,T
https://www.flickr.com/photos/britishlibrary/11115204603/in/photostream/,,,,,,,,1,,,,,
https://www.flickr.com/photos/britishlibrary/11115016165/in/photostream/,,,,,,,,1,,,,,
https://www.flickr.com/photos/britishlibrary/11115076364/in/photostream/,,,,1,,,,,,,,,
https://www.flickr.com/photos/britishlibrary/11115204073/in/photostream/,,,,,,,,,,1,,,
https://www.flickr.com/photos/britishlibrary/11115076324/in/photostream/,1,,,,,,,,,,,,
https://www.flickr.com/photos/britishlibrary/11115058146/in/photostream/,,,,1,,,,,,,,,
https://www.flickr.com/photos/britishlibrary/11115015175/in/photostream/,,,,,,,,,1,,,,
https://www.flickr.com/photos/britishlibrary/11115203463/in/photostream/,,,,1,,,,,,,,,
https://www.flickr.com/photos/britishlibrary/11115203413/in/photostream/,,,,,,,,,,1,,,
https://www.flickr.com/photos/britishlibrary/11115075214/in/photostream/,,,,,1,,,,,,,,C
https://www.flickr.com/photos/britishlibrary/11115074954/in/photostream/,,1,,,,,,,,,,,
https://www.flickr.com/photos/britishlibrary/11115074924/in/photostream/,,,,1,,,,,,,,,
https://www.flickr.com/photos/britishlibrary/11115202533/in/photostream/,,1,,,,,,,,,,,horse
https://www.flickr.com/photos/britishlibrary/11115013945/in/photostream/,,,,,,,,1,,,,,
https://www.flickr.com/photos/britishlibrary/11115202013/in/photostream/,,,,,1,,,,,,,,T
https://www.flickr.com/photos/britishlibrary/11115074004/in/photostream/,,,,1,,,,,,,,,
https://www.flickr.com/photos/britishlibrary/11115201603/in/photostream/,,1,,,,,,,,,,,
https://www.flickr.com/photos/britishlibrary/11115073614/in/photostream/,,,,1,,,,,,,,,
https://www.flickr.com/photos/britishlibrary/11115013175/in/photostream/,,,,,1,,,,,,,,I
https://www.flickr.com/photos/britishlibrary/11115013145/in/photostream/,1,,,,,,,,,,,,
https://www.flickr.com/photos/britishlibrary/11115013125/in/photostream/,,1,,,,,,,,,,,
https://www.flickr.com/photos/britishlibrary/11115012735/in/photostream/,,,,,1,,,,,,,,C
https://www.flickr.com/photos/britishlibrary/11115072614/in/photostream/,1,,,,,,,,,,,,
https://www.flickr.com/photos/britishlibrary/11115012585/in/photostream/,,,,1,,,,,,,,,
https://www.flickr.com/photos/britishlibrary/11115072004/in/photostream/,,,,,,,,,,,1,,
https://www.flickr.com/photos/britishlibrary/11115054696/in/photostream/,,,,,,,,1,,,,,
https://www.flickr.com/photos/britishlibrary/11115200153/in/photostream/,,,,,,,,1,,,,,
https://www.flickr.com/photos/britishlibrary/11115071894/in/photostream/,,1,,,,,,,,,,,
https://www.flickr.com/photos/britishlibrary/11115011895/in/photostream/,,,,,,,,1,,,,,
https://www.flickr.com/photos/britishlibrary/11115199603/in/photostream/,,1,,,,,,,,,,,horse
https://www.flickr.com/photos/britishlibrary/11115011375/in/photostream/,,1,,,,,,,,,,,horse
https://www.flickr.com/photos/britishlibrary/11115011265/in/photostream/,,,,1,,,,,,,,,
https://www.flickr.com/photos/britishlibrary/11115053766/in/photostream/,,1,,,,,,,,,,,horse
https://www.flickr.com/photos/britishlibrary/11115070754/in/photostream/,,,,,,,,1,,,,,
https://www.flickr.com/photos/britishlibrary/11115198903/in/photostream/,,1,,,,,,,,,,,
https://www.flickr.com/photos/britishlibrary/11115010755/in/photostream/,,,,,,,,1,,,,,
https://www.flickr.com/photos/britishlibrary/11115010495/in/photostream/,,1,,,,,,,,,,,
https://www.flickr.com/photos/britishlibrary/11115070014/in/photostream/,,1,,,,,,,,,,,
https://www.flickr.com/photos/britishlibrary/11115198293/in/photostream/,,,,,,,,1,,,,,
https://www.flickr.com/photos/britishlibrary/11115052646/in/photostream/,1,,,,,,,,,,,,
https://www.flickr.com/photos/britishlibrary/11115009895/in/photostream/,1,,,,,,,,,,,,
https://www.flickr.com/photos/britishlibrary/11115052486/in/photostream/,,,,,,,1,,,,,,
https://www.flickr.com/photos/britishlibrary/11115068814/in/photostream/,,,,,,,,1,,,,,
https://www.flickr.com/photos/britishlibrary/11115052026/in/photostream/,,,,1,,,,,,,,,
https://www.flickr.com/photos/britishlibrary/11115051826/in/photostream/,,,,,,,1,,,,,,
https://www.flickr.com/photos/britishlibrary/11115008835/in/photostream/,1,,,,,,,1,,,,,
https://www.flickr.com/photos/britishlibrary/11115008555/in/photostream/,,,,,,,,,,,,,
https://www.flickr.com/photos/britishlibrary/11115008435/in/photostream/,,,,1,,,,,,,,,
https://www.flickr.com/photos/britishlibrary/11115051286/in/photostream/,,,,,,,,1,,,,,
https://www.flickr.com/photos/britishlibrary/11115068044/in/photostream/,,,,1,,,,,,,,,
https://www.flickr.com/photos/britishlibrary/11115196383/in/photostream/,1,,,,,,,,,,,,
https://www.flickr.com/photos/britishlibrary/11115050866/in/photostream/,,,,1,,,,,,,,,
https://www.flickr.com/photos/britishlibrary/11115067614/in/photostream/,,,1,,,,,,,,,,
https://www.flickr.com/photos/britishlibrary/11115007315/in/photostream/,,,,,,,,1,,,,,
https://www.flickr.com/photos/britishlibrary/11115195803/in/photostream/,,,,,1,,,,,,,,O
https://www.flickr.com/photos/britishlibrary/11115050216/in/photostream/,,,,,,,,1,,,,,