Hi Karen I'm from the future plz notice me,Nature,People,Diagrams,Decorations,Miniatures,Text,Architecture,Landscape,Objects,Maps,Seals,Animals,1-2 keywords
https://www.flickr.com/photos/britishlibrary/11226480613/in/dateposted/,,,,,,,1,,,,,,house
https://www.flickr.com/photos/britishlibrary/11226480203/in/dateposted/,,1,,,,,,,,,,,
https://www.flickr.com/photos/britishlibrary/11226480183/in/dateposted/,,,,,1,,,,,,,,p
https://www.flickr.com/photos/britishlibrary/11226385364/in/dateposted/,,1,,,,,,,,,,,"arab chiefs, chiefs"
https://www.flickr.com/photos/britishlibrary/11226479123/in/dateposted/,,,,,,,1,,,,,,
https://www.flickr.com/photos/britishlibrary/11226364815/in/dateposted/,1,,,,,,,,,,,,"mountains, sunset"
https://www.flickr.com/photos/britishlibrary/11226364095/in/dateposted/,,,,,,,1,,,,,,monument
https://www.flickr.com/photos/britishlibrary/11226364015/in/dateposted/,,1,,,,,,,,,,,"tombstone, statue"
https://www.flickr.com/photos/britishlibrary/11226363915/in/dateposted/,,,,,,,,,,1,,,
https://www.flickr.com/photos/britishlibrary/11226478053/in/dateposted/,,,,,,,,,,1,,,
https://www.flickr.com/photos/britishlibrary/11226477803/in/dateposted/,,,,,,,1,,,,,,
https://www.flickr.com/photos/britishlibrary/11226363415/in/dateposted/,,1,,,,,,,,,,,burial
https://www.flickr.com/photos/britishlibrary/11226390206/in/dateposted/,,1,,,,,,,,,,,
https://www.flickr.com/photos/britishlibrary/11226389736/in/dateposted/,,1,,,,,,,,,,,
https://www.flickr.com/photos/britishlibrary/11226382304/in/dateposted/,,,,,,,,1,,,,,terrace
https://www.flickr.com/photos/britishlibrary/11226382084/in/dateposted/,,,,,,,1,,,,,,"square, public square"
https://www.flickr.com/photos/britishlibrary/11226362025/in/dateposted/,,,,,,1,,,,,,,
https://www.flickr.com/photos/britishlibrary/11226381904/in/dateposted/,1,,,,,,,,,,,,mountains
https://www.flickr.com/photos/britishlibrary/11226388906/in/dateposted/,,,,1,,,,,,,,,
https://www.flickr.com/photos/britishlibrary/11226381274/in/dateposted/,,,,,,,1,,,,,,
https://www.flickr.com/photos/britishlibrary/11226388356/in/dateposted/,,,,,,,1,,,,,,
https://www.flickr.com/photos/britishlibrary/11226360575/in/dateposted/,,,1,,,,,,,,,,graph
https://www.flickr.com/photos/britishlibrary/11226474493/in/dateposted/,,,,,,,,1,,,,,
https://www.flickr.com/photos/britishlibrary/11226387656/in/dateposted/,,,,,,,,,,,1,,"scorpion, charm"
https://www.flickr.com/photos/britishlibrary/11226380294/in/dateposted/,,,,,,,1,,,,,,
https://www.flickr.com/photos/britishlibrary/11226359875/in/dateposted/,1,,,,,,,,,,,,
https://www.flickr.com/photos/britishlibrary/11226473743/in/dateposted/,,,1,,,,,,,,,,
https://www.flickr.com/photos/britishlibrary/11226379444/in/dateposted/,,1,,,,,,,,,,,
https://www.flickr.com/photos/britishlibrary/11226473243/in/dateposted/,,1,,,,,,,,,,,
https://www.flickr.com/photos/britishlibrary/11226386006/in/dateposted/,1,,,,,,,,,,,,
https://www.flickr.com/photos/britishlibrary/11226358925/in/dateposted/,,1,,,,,,,,,,,
https://www.flickr.com/photos/britishlibrary/11226385426/in/dateposted/,1,,,,,,,,,,,,
https://www.flickr.com/photos/britishlibrary/11226472173/in/dateposted/,,,,,,,1,,,,,,
https://www.flickr.com/photos/britishlibrary/11226384926/in/dateposted/,,1,,,,,,,,,,,battle
https://www.flickr.com/photos/britishlibrary/11226471773/in/dateposted/,,,,,,,,,,,1,,
https://www.flickr.com/photos/britishlibrary/11226357445/in/dateposted/,,1,,,,,,,,,,,dance
https://www.flickr.com/photos/britishlibrary/11226377354/in/dateposted/,,,,,,1,,,,,,,
https://www.flickr.com/photos/britishlibrary/11226383976/in/dateposted/,,1,,,,,,,,,,,
https://www.flickr.com/photos/britishlibrary/11226377124/in/dateposted/,,1,,,,,,,,,,,
https://www.flickr.com/photos/britishlibrary/11226356205/in/dateposted/,,,,,,,,,,1,,,
https://www.flickr.com/photos/britishlibrary/11226383156/in/dateposted/,,,,,,,1,,,,,,
https://www.flickr.com/photos/britishlibrary/11226376064/in/dateposted/,,1,,,,,,,,,,,
https://www.flickr.com/photos/britishlibrary/11226468993/in/dateposted/,1,,,,,,,,,,,,
https://www.flickr.com/photos/britishlibrary/11226382236/in/dateposted/,,,1,,,,,,,,,,
https://www.flickr.com/photos/britishlibrary/11226375344/in/dateposted/,,1,,,,,,,,,,,
https://www.flickr.com/photos/britishlibrary/11226381316/in/dateposted/,,1,,,,,,,,,,,
https://www.flickr.com/photos/britishlibrary/11226354335/in/dateposted/,,,,,,,,,,,,,
https://www.flickr.com/photos/britishlibrary/11226354085/in/dateposted/,,,,,,,1,,,,,,
https://www.flickr.com/photos/britishlibrary/11226380906/in/dateposted/,,,,,,,,1,,,,,
https://www.flickr.com/photos/britishlibrary/11226353665/in/dateposted/,,1,,,,,,,,,,,
https://www.flickr.com/photos/britishlibrary/11226380346/in/dateposted/,,1,,,,,,,,,,,
https://www.flickr.com/photos/britishlibrary/11226380106/in/dateposted/,,1,,,,,,,,,,,
https://www.flickr.com/photos/britishlibrary/11226353195/in/dateposted/,,1,,,,,,,,,,,
https://www.flickr.com/photos/britishlibrary/11226353165/in/dateposted/,,1,,,,,,,,,,,
https://www.flickr.com/photos/britishlibrary/11226379526/in/dateposted/,,,1,,,,,,,,,,
https://www.flickr.com/photos/britishlibrary/11226379186/in/dateposted/,,,,,,,,,,,1,,
https://www.flickr.com/photos/britishlibrary/11226465703/in/dateposted/,,,,,,,1,,,,,,
https://www.flickr.com/photos/britishlibrary/11226465683/in/dateposted/,,1,,,,,,,,,,,
https://www.flickr.com/photos/britishlibrary/11226464833/in/dateposted/,,1,,,,,,,,,,,
https://www.flickr.com/photos/britishlibrary/11226351595/in/dateposted/,,,,,,,,1,,,,,
https://www.flickr.com/photos/britishlibrary/11226464763/in/dateposted/,,1,,,,,,,,,,,
https://www.flickr.com/photos/britishlibrary/11226378126/in/dateposted/,,1,,,,,,,,,,,
https://www.flickr.com/photos/britishlibrary/11226371004/in/dateposted/,,,,,,,1,,,,,,
https://www.flickr.com/photos/britishlibrary/11226370874/in/dateposted/,,,,,,,,1,,,,,
https://www.flickr.com/photos/britishlibrary/11226463763/in/dateposted/,,,,,,,,1,,,,,
https://www.flickr.com/photos/britishlibrary/11226377166/in/dateposted/,,1,,,,,,,,,,,
https://www.flickr.com/photos/britishlibrary/11226350185/in/dateposted/,,,,,,,1,,,,,,
https://www.flickr.com/photos/britishlibrary/11226376566/in/dateposted/,,,,,,,1,,,,,,
https://www.flickr.com/photos/britishlibrary/11226369664/in/dateposted/,,1,,,,,,,,,,,
https://www.flickr.com/photos/britishlibrary/11226349165/in/dateposted/,,1,,,,,,,,,,,
https://www.flickr.com/photos/britishlibrary/11226349095/in/dateposted/,,,,,,,1,,,,,,
https://www.flickr.com/photos/britishlibrary/11226369054/in/dateposted/,,1,,,,,,,,,,,
https://www.flickr.com/photos/britishlibrary/11226348225/in/dateposted/,,,,,,,,1,,,,,
https://www.flickr.com/photos/britishlibrary/11226368074/in/dateposted/,,,,,,,,,,,,1,kiwi
https://www.flickr.com/photos/britishlibrary/11226347745/in/dateposted/,,,,,,,,1,,,,,
https://www.flickr.com/photos/britishlibrary/11226374486/in/dateposted/,1,,,,,,,,,,,,
https://www.flickr.com/photos/britishlibrary/11226374156/in/dateposted/,1,,,,,,,,,,,,
https://www.flickr.com/photos/britishlibrary/11226460743/in/dateposted/,,,,,,,1,,,,,,
https://www.flickr.com/photos/britishlibrary/11226373716/in/dateposted/,,,,,,,1,,,,,,
https://www.flickr.com/photos/britishlibrary/11226459843/in/dateposted/,,1,,,,,,,,,,,
https://www.flickr.com/photos/britishlibrary/11226372726/in/dateposted/,,1,,,,,,,,,,,
https://www.flickr.com/photos/britishlibrary/11226345625/in/dateposted/,1,,,,,,,,,,,,
https://www.flickr.com/photos/britishlibrary/11226345045/in/dateposted/,,1,,,,,,,,1,,,
https://www.flickr.com/photos/britishlibrary/11226345025/in/dateposted/,1,,,,,,,,,,,,
https://www.flickr.com/photos/britishlibrary/11226458593/in/dateposted/,,1,,,,,,,,,,,
https://www.flickr.com/photos/britishlibrary/11226458223/in/dateposted/,1,,,,,,,,,,,,
https://www.flickr.com/photos/britishlibrary/11226371476/in/dateposted/,1,,,,,,,,,,,,
https://www.flickr.com/photos/britishlibrary/11226344215/in/dateposted/,,,,,,,1,,,,,,
https://www.flickr.com/photos/britishlibrary/11226363804/in/dateposted/,,,,,,,1,,,,,,
https://www.flickr.com/photos/britishlibrary/11226363524/in/dateposted/,,,,,,,1,,,,,,
https://www.flickr.com/photos/britishlibrary/11226343415/in/dateposted/,,1,,,,,,,,,,,
https://www.flickr.com/photos/britishlibrary/11226343335/in/dateposted/,,1,,,,,,,,,,,
https://www.flickr.com/photos/britishlibrary/11226456283/in/dateposted/,1,,,,,,,,,,,,
https://www.flickr.com/photos/britishlibrary/11226362754/in/dateposted/,,1,,,,,,,,,,,
https://www.flickr.com/photos/britishlibrary/11226362464/in/dateposted/,,1,,,,,,,,,,,
https://www.flickr.com/photos/britishlibrary/11226362154/in/dateposted/,,1,,,,,,,,,,,
https://www.flickr.com/photos/britishlibrary/11226368426/in/dateposted/,,,,,,,1,,,,,,
https://www.flickr.com/photos/britishlibrary/11226361634/in/dateposted/,,,,,,,,,,,,,battle
https://www.flickr.com/photos/britishlibrary/11226368166/in/dateposted/,,1,,,,,,,,,,,
https://www.flickr.com/photos/britishlibrary/11226341595/in/dateposted/,,,,,,,1,,,,,,
https://www.flickr.com/photos/britishlibrary/11226454403/in/dateposted/,,,,,,,1,,,,,,
https://www.flickr.com/photos/britishlibrary/11226367266/in/dateposted/,,1,,,,,,,,,,,
https://www.flickr.com/photos/britishlibrary/11226340955/in/dateposted/,,1,,,,,,,,,,,
https://www.flickr.com/photos/britishlibrary/11226360494/in/dateposted/,,1,,,,,,,,,,,
https://www.flickr.com/photos/britishlibrary/11226339855/in/dateposted/,,1,,,,,,,,,,,
https://www.flickr.com/photos/britishlibrary/11226339795/in/dateposted/,,1,,,,,,,,,,,
https://www.flickr.com/photos/britishlibrary/11226339595/in/dateposted/,1,,,,,,,,,,,,
https://www.flickr.com/photos/britishlibrary/11226339315/in/dateposted/,,,,,,,,,,1,,,
https://www.flickr.com/photos/britishlibrary/11226358984/in/dateposted/,,,,,,,1,,,,,,
https://www.flickr.com/photos/britishlibrary/11226452353/in/dateposted/,,,,,,,,,,1,,,
https://www.flickr.com/photos/britishlibrary/11226358044/in/dateposted/,,,,,,,,,,,,1,"battle, horses"
https://www.flickr.com/photos/britishlibrary/11226338255/in/dateposted/,,,,,,,1,,,,,,
https://www.flickr.com/photos/britishlibrary/11226338185/in/dateposted/,1,,,,,,,,,,,,
https://www.flickr.com/photos/britishlibrary/11226451393/in/dateposted/,,1,,,,,,,,,,,
https://www.flickr.com/photos/britishlibrary/11226451133/in/dateposted/,,1,,,,,,,,,,,
https://www.flickr.com/photos/britishlibrary/11226337505/in/dateposted/,,1,,,,,,,,,,,
https://www.flickr.com/photos/britishlibrary/11226450663/in/dateposted/,1,,,,,,,,,,,,
https://www.flickr.com/photos/britishlibrary/11226363306/in/dateposted/,,,,,,,,1,,,,,
https://www.flickr.com/photos/britishlibrary/11226363046/in/dateposted/,,,,,,,,,1,,,,ship
https://www.flickr.com/photos/britishlibrary/11226356154/in/dateposted/,,1,,,,,,,,,,,
https://www.flickr.com/photos/britishlibrary/11226449573/in/dateposted/,,1,,,,,,,,,,,
https://www.flickr.com/photos/britishlibrary/11226355494/in/dateposted/,,1,,,,,,,,,,,
https://www.flickr.com/photos/britishlibrary/11226355364/in/dateposted/,,,,,,,,1,,,,,
https://www.flickr.com/photos/britishlibrary/11226448723/in/dateposted/,,,,,,,,1,,,,,
https://www.flickr.com/photos/britishlibrary/11226354764/in/dateposted/,,,,,,,,,,1,,,
https://www.flickr.com/photos/britishlibrary/11226334395/in/dateposted/,,1,,,,,,,,,,,
https://www.flickr.com/photos/britishlibrary/11226354164/in/dateposted/,,,,,,,,1,,,,,
https://www.flickr.com/photos/britishlibrary/11226333725/in/dateposted/,,1,,,,,,,,,,,
https://www.flickr.com/photos/britishlibrary/11226333575/in/dateposted/,,,,,,,,1,,,,,
https://www.flickr.com/photos/britishlibrary/11226353244/in/dateposted/,,,,,,,1,,,,,,
https://www.flickr.com/photos/britishlibrary/11226446883/in/dateposted/,,,1,,,,,,,,,,
https://www.flickr.com/photos/britishlibrary/11226353124/in/dateposted/,,1,,,,,,,,,,,
https://www.flickr.com/photos/britishlibrary/11226332955/in/dateposted/,,,,,,,,1,,,,,
https://www.flickr.com/photos/britishlibrary/11226352264/in/dateposted/,,,,,,,1,,,,,,
https://www.flickr.com/photos/britishlibrary/11226332245/in/dateposted/,1,,,,,,,,,,,,
https://www.flickr.com/photos/britishlibrary/11226352164/in/dateposted/,,,,,,1,,,,,,,
https://www.flickr.com/photos/britishlibrary/11226352024/in/dateposted/,,,,,,,,1,,,,,
https://www.flickr.com/photos/britishlibrary/11226351554/in/dateposted/,,1,,,,,,,,,,,
https://www.flickr.com/photos/britishlibrary/11226331485/in/dateposted/,,,,,,,1,,,,,,
https://www.flickr.com/photos/britishlibrary/11226331005/in/dateposted/,,,,,,,,1,,,,,
https://www.flickr.com/photos/britishlibrary/11226357316/in/dateposted/,,1,,,,,,,,,,,
https://www.flickr.com/photos/britishlibrary/11226356926/in/dateposted/,,,,,,,1,,,,,,
https://www.flickr.com/photos/britishlibrary/11226330205/in/dateposted/,,,,,,,,1,,,,,
https://www.flickr.com/photos/britishlibrary/11226350064/in/dateposted/,,,,,,,1,,,,,,
https://www.flickr.com/photos/britishlibrary/11226329865/in/dateposted/,,1,,,,,,,,,,,
https://www.flickr.com/photos/britishlibrary/11226355846/in/dateposted/,1,,,,,,,,,,,,
https://www.flickr.com/photos/britishlibrary/11226329545/in/dateposted/,,1,,,,,,,,,,,
https://www.flickr.com/photos/britishlibrary/11226329295/in/dateposted/,,1,,,,,,,,,,,
https://www.flickr.com/photos/britishlibrary/11226349154/in/dateposted/,,1,,,,,,,,,,,
https://www.flickr.com/photos/britishlibrary/11226328515/in/dateposted/,,,,,,,1,,,,,,
https://www.flickr.com/photos/britishlibrary/11226328085/in/dateposted/,,1,,,,,,,,,,,
https://www.flickr.com/photos/britishlibrary/11226327295/in/dateposted/,,,,,,,,,,1,,,
https://www.flickr.com/photos/britishlibrary/11226347354/in/dateposted/,,,,,,1,,,,,,,
https://www.flickr.com/photos/britishlibrary/11226326995/in/dateposted/,,,,,,,,1,,,,,
https://www.flickr.com/photos/britishlibrary/11226326345/in/dateposted/,,1,,,,,,,,,,,
https://www.flickr.com/photos/britishlibrary/11226346174/in/dateposted/,,,,1,,,,,,,,,
https://www.flickr.com/photos/britishlibrary/11226346134/in/dateposted/,,1,,,,,,,,,,,
https://www.flickr.com/photos/britishlibrary/11226342884/in/dateposted/,,,,,,,,,1,,,,
https://www.flickr.com/photos/britishlibrary/11226321185/in/dateposted/,,,1,,,,,,,,,,
https://www.flickr.com/photos/britishlibrary/11226346786/in/dateposted/,,,,,,,1,,,,,,
https://www.flickr.com/photos/britishlibrary/11226433533/in/dateposted/,,,,,,,1,,,,,,
https://www.flickr.com/photos/britishlibrary/11226337904/in/dateposted/,,,1,,,,,,,,,,
https://www.flickr.com/photos/britishlibrary/11226304774/in/dateposted/,,,,,,,,,,,,1,giraffe
https://www.flickr.com/photos/britishlibrary/11226399233/in/dateposted/,,,,,,,,,,1,,,
https://www.flickr.com/photos/britishlibrary/11226303904/in/dateposted/,,,,,,,1,,,,,,
https://www.flickr.com/photos/britishlibrary/11226316726/in/dateposted/,,,,,,,1,,,,,,
https://www.flickr.com/photos/britishlibrary/11226405043/in/dateposted/,,1,,,,,,,,,,,
https://www.flickr.com/photos/britishlibrary/11226310154/in/dateposted/,,1,,,,,,,,,,,
https://www.flickr.com/photos/britishlibrary/11226404473/in/dateposted/,,1,,,,,,,,,,,
https://www.flickr.com/photos/britishlibrary/11226309414/in/dateposted/,,1,,,,,,,,,,,
https://www.flickr.com/photos/britishlibrary/11226404003/in/dateposted/,,,,,,,,1,,,,,
https://www.flickr.com/photos/britishlibrary/11226403803/in/dateposted/,,,,,,,,,,1,,,
https://www.flickr.com/photos/britishlibrary/11226403593/in/dateposted/,,1,,,,,,,,,,,
https://www.flickr.com/photos/britishlibrary/11226289905/in/dateposted/,,,1,,,,,,,,,,
https://www.flickr.com/photos/britishlibrary/11226239524/in/dateposted/,,,,,,,,,1,,,,
https://www.flickr.com/photos/britishlibrary/11226219825/in/dateposted/,,,,,,,,,1,,,,
https://www.flickr.com/photos/britishlibrary/11226334703/in/dateposted/,1,,,,,,,,,,,,
https://www.flickr.com/photos/britishlibrary/11226334343/in/dateposted/,,,,,,,,1,,,,,ships
https://www.flickr.com/photos/britishlibrary/11226218315/in/dateposted/,,1,,,,,,,,,,,
https://www.flickr.com/photos/britishlibrary/11226333643/in/dateposted/,,1,,,,,,,,,,,battle
https://www.flickr.com/photos/britishlibrary/11226243776/in/dateposted/,1,,,,,,,,,,,,
https://www.flickr.com/photos/britishlibrary/11226237894/in/dateposted/,,1,,,,,,,,,,,
https://www.flickr.com/photos/britishlibrary/11226216845/in/dateposted/,,,,,,1,,,,,,,
https://www.flickr.com/photos/britishlibrary/11226329733/in/dateposted/,,,,,,1,,,,,,,
https://www.flickr.com/photos/britishlibrary/11223862224/in/dateposted/,,,,,,,,,,,,1,birds
https://www.flickr.com/photos/britishlibrary/11223861634/in/dateposted/,,1,,,,,,,,,,,
https://www.flickr.com/photos/britishlibrary/11223852715/in/dateposted/,,,,,,,,1,,,,,
https://www.flickr.com/photos/britishlibrary/11223962333/in/dateposted/,,,,,,,1,,,,,,
https://www.flickr.com/photos/britishlibrary/11223852055/in/dateposted/,,1,,,,,,,,,,,
https://www.flickr.com/photos/britishlibrary/11223961673/in/dateposted/,,,,,,,,,,1,,,
https://www.flickr.com/photos/britishlibrary/11223875276/in/dateposted/,,,,,,,1,,,,,,
https://www.flickr.com/photos/britishlibrary/11223875086/in/dateposted/,,1,,,,,,,,,,,
https://www.flickr.com/photos/britishlibrary/11223850685/in/dateposted/,,,,,,,,1,,,,,
https://www.flickr.com/photos/britishlibrary/11223960283/in/dateposted/,,1,,,,,,,,,,,
https://www.flickr.com/photos/britishlibrary/11223850055/in/dateposted/,,,,,,,,1,,,,,
https://www.flickr.com/photos/britishlibrary/11223858574/in/dateposted/,,,,,,,,,,,,1,"horses, horse drawn carriage"
https://www.flickr.com/photos/britishlibrary/11223959313/in/dateposted/,,,,,,,1,,,,,,
https://www.flickr.com/photos/britishlibrary/11223858184/in/dateposted/,,,,,,,,,,,,1,
https://www.flickr.com/photos/britishlibrary/11223873116/in/dateposted/,,,1,,,,,,,,,,
https://www.flickr.com/photos/britishlibrary/11223873106/in/dateposted/,,,,,,,1,,,,,,
https://www.flickr.com/photos/britishlibrary/11223872636/in/dateposted/,,,,,,,1,,,,,,
https://www.flickr.com/photos/britishlibrary/11223872376/in/dateposted/,,1,,,,,,,,,,,
https://www.flickr.com/photos/britishlibrary/11223848295/in/dateposted/,,,,,,,1,,,,,,
https://www.flickr.com/photos/britishlibrary/11223848115/in/dateposted/,,1,,,,,,,,,,,
https://www.flickr.com/photos/britishlibrary/11223957823/in/dateposted/,,,,,,,1,,,,,,
https://www.flickr.com/photos/britishlibrary/11223871596/in/dateposted/,1,,,,,,,,,,,,
https://www.flickr.com/photos/britishlibrary/11223847335/in/dateposted/,,,,,,,,1,,,,,
https://www.flickr.com/photos/britishlibrary/11223847125/in/dateposted/,,,,,,,1,,,,,,
https://www.flickr.com/photos/britishlibrary/11223855744/in/dateposted/,,,,,,,1,,,,,,
https://www.flickr.com/photos/britishlibrary/11223846855/in/dateposted/,1,,,,,,,,,,,,
https://www.flickr.com/photos/britishlibrary/11223870306/in/dateposted/,,1,,,,,,,,,,,
https://www.flickr.com/photos/britishlibrary/11223846225/in/dateposted/,,,,,,,1,,,,,,
https://www.flickr.com/photos/britishlibrary/11223854274/in/dateposted/,1,,,,,,,,,,,,
https://www.flickr.com/photos/britishlibrary/11223955183/in/dateposted/,,,,,,,1,,,,,,
https://www.flickr.com/photos/britishlibrary/11223869056/in/dateposted/,,,,,,,,,1,,,,
https://www.flickr.com/photos/britishlibrary/11223844855/in/dateposted/,,,,,,,1,,,,,,
https://www.flickr.com/photos/britishlibrary/11223868876/in/dateposted/,,1,,,,,,,,,,,
https://www.flickr.com/photos/britishlibrary/11223844655/in/dateposted/,,,,,,,1,,,,,,
https://www.flickr.com/photos/britishlibrary/11223954133/in/dateposted/,1,,,,,,,,,,,,
https://www.flickr.com/photos/britishlibrary/11223867816/in/dateposted/,,,,,,,,1,,,,,
https://www.flickr.com/photos/britishlibrary/11223852204/in/dateposted/,,,,,,,1,,,,,,
https://www.flickr.com/photos/britishlibrary/11223953733/in/dateposted/,,1,,,,,,,,,,,battle
https://www.flickr.com/photos/britishlibrary/11223953633/in/dateposted/,,1,,,,,,,,,,,
https://www.flickr.com/photos/britishlibrary/11223852154/in/dateposted/,,1,,,,,,,,,,,
https://www.flickr.com/photos/britishlibrary/11223952993/in/dateposted/,,,,,,,,,,,1,,
https://www.flickr.com/photos/britishlibrary/11223952433/in/dateposted/,,,,,,,,1,,,,,
https://www.flickr.com/photos/britishlibrary/11223851154/in/dateposted/,,1,,,,,,,,,,,
https://www.flickr.com/photos/britishlibrary/11223952213/in/dateposted/,,,,,,,1,,,,,,
https://www.flickr.com/photos/britishlibrary/11223951733/in/dateposted/,,1,,,,,,,,,,,
https://www.flickr.com/photos/britishlibrary/11223850214/in/dateposted/,,1,,,,,,,,,,,
https://www.flickr.com/photos/britishlibrary/11223951203/in/dateposted/,,,,,,,,,1,,,,
https://www.flickr.com/photos/britishlibrary/11223864906/in/dateposted/,,,,,,,,1,,,,,
https://www.flickr.com/photos/britishlibrary/11223840695/in/dateposted/,,,,,,,,1,,,,,
https://www.flickr.com/photos/britishlibrary/11223840445/in/dateposted/,1,,,,,,,,,,,,
https://www.flickr.com/photos/britishlibrary/11223949913/in/dateposted/,,1,,,,,,,,,,,
https://www.flickr.com/photos/britishlibrary/11223949823/in/dateposted/,,,,,,,1,,,,,,
https://www.flickr.com/photos/britishlibrary/11223863496/in/dateposted/,,,,,,,,1,,,,,
https://www.flickr.com/photos/britishlibrary/11223839225/in/dateposted/,,1,,,,,,,,,,,
https://www.flickr.com/photos/britishlibrary/11223863126/in/dateposted/,,,,,,,,,1,,,,
https://www.flickr.com/photos/britishlibrary/11223847214/in/dateposted/,,1,,,,,,,,,,,
https://www.flickr.com/photos/britishlibrary/11223847034/in/dateposted/,,,,,,,1,,,,,,
https://www.flickr.com/photos/britishlibrary/11223846854/in/dateposted/,,,,,,,,1,,,,,
https://www.flickr.com/photos/britishlibrary/11223861746/in/dateposted/,,1,,,,,,,,,,,
https://www.flickr.com/photos/britishlibrary/11223861446/in/dateposted/,,1,,,,,,,,,,,
https://www.flickr.com/photos/britishlibrary/11223836985/in/dateposted/,,1,,,,,,,,,,,
https://www.flickr.com/photos/britishlibrary/11223946723/in/dateposted/,1,,,,,,,,,,,,
https://www.flickr.com/photos/britishlibrary/11223860746/in/dateposted/,1,,,,,,,,,,,,
https://www.flickr.com/photos/britishlibrary/11223845464/in/dateposted/,,,,,,,,1,,,,,
https://www.flickr.com/photos/britishlibrary/11223946173/in/dateposted/,,,,,,,1,,,,,,
https://www.flickr.com/photos/britishlibrary/11223860026/in/dateposted/,,1,,,,,,,,,,,
https://www.flickr.com/photos/britishlibrary/11223859706/in/dateposted/,,,,,,,,,,,,1,
https://www.flickr.com/photos/britishlibrary/11223944893/in/dateposted/,,,,,,,,,,1,,,
https://www.flickr.com/photos/britishlibrary/11223944543/in/dateposted/,,,,,,,1,,,,,,
https://www.flickr.com/photos/britishlibrary/11223843694/in/dateposted/,,,,,,,1,,,,,,
https://www.flickr.com/photos/britishlibrary/11223843354/in/dateposted/,,,,,,,,,,,,1,
https://www.flickr.com/photos/britishlibrary/11223858436/in/dateposted/,1,,,,,,,,,,,,
https://www.flickr.com/photos/britishlibrary/11223858106/in/dateposted/,,,,,,,,,1,,,,
https://www.flickr.com/photos/britishlibrary/11223857906/in/dateposted/,,1,,,,,,,,,,,
https://www.flickr.com/photos/britishlibrary/11223857836/in/dateposted/,,,,,,,,1,,,,,
https://www.flickr.com/photos/britishlibrary/11223833405/in/dateposted/,,1,,,,,,,,,,,
https://www.flickr.com/photos/britishlibrary/11223833365/in/dateposted/,,,,,,,,1,,,,,
https://www.flickr.com/photos/britishlibrary/11220843715/in/dateposted/,,,,,,,1,,,,,,
https://www.flickr.com/photos/britishlibrary/11220950643/in/dateposted/,,,,,,,,,,1,,,
https://www.flickr.com/photos/britishlibrary/11220949893/in/dateposted/,,,,,,,1,,,,,,
https://www.flickr.com/photos/britishlibrary/11220949063/in/dateposted/,1,,,,,,,,,,,,
https://www.flickr.com/photos/britishlibrary/11220949053/in/dateposted/,1,,,,,,,,,,,,
https://www.flickr.com/photos/britishlibrary/11220859046/in/dateposted/,,1,,,,,,,,,,,
https://www.flickr.com/photos/britishlibrary/11220845194/in/dateposted/,1,,,,,,,,,,,,
https://www.flickr.com/photos/britishlibrary/11220844774/in/dateposted/,,1,,,,,,,,,,,
https://www.flickr.com/photos/britishlibrary/11220841045/in/dateposted/,,1,,,,,,,,,,,
https://www.flickr.com/photos/britishlibrary/11220947893/in/dateposted/,,,,,,,1,,,,,,
https://www.flickr.com/photos/britishlibrary/11220857386/in/dateposted/,,,,,,,,,,1,,,
https://www.flickr.com/photos/britishlibrary/11220857036/in/dateposted/,,1,,,,,,,,,,,
https://www.flickr.com/photos/britishlibrary/11220840235/in/dateposted/,,1,,,,,,,,,,,
https://www.flickr.com/photos/britishlibrary/11220839855/in/dateposted/,,1,,,,,,,,,,,
https://www.flickr.com/photos/britishlibrary/11220839205/in/dateposted/,,1,,,,,,,,,,,
https://www.flickr.com/photos/britishlibrary/11220855776/in/dateposted/,,,,,,,1,,,,,,
https://www.flickr.com/photos/britishlibrary/11220842014/in/dateposted/,,,,,,,,,1,,,,
https://www.flickr.com/photos/britishlibrary/11220841674/in/dateposted/,,1,,,,,,,,,,,
https://www.flickr.com/photos/britishlibrary/11220837795/in/dateposted/,,1,,,,,,,,,,,
https://www.flickr.com/photos/britishlibrary/11220837465/in/dateposted/,,1,,,,,,,,,,,
https://www.flickr.com/photos/britishlibrary/11220837365/in/dateposted/,,1,,,,,,,,,,,
https://www.flickr.com/photos/britishlibrary/11220944203/in/dateposted/,1,,,,,,,,,,,,
https://www.flickr.com/photos/britishlibrary/11220942933/in/dateposted/,1,,,,,,,,,,,,
https://www.flickr.com/photos/britishlibrary/11220838584/in/dateposted/,1,,,,,,,,,,,,
https://www.flickr.com/photos/britishlibrary/11220834525/in/dateposted/,,1,,,,,,,,,,,
https://www.flickr.com/photos/britishlibrary/11220941603/in/dateposted/,,1,,,,,,,,,,,
https://www.flickr.com/photos/britishlibrary/11220941193/in/dateposted/,,,,,,,,,,,1,,
https://www.flickr.com/photos/britishlibrary/11220836684/in/dateposted/,,1,,,,,,,,,,,
https://www.flickr.com/photos/britishlibrary/11220940553/in/dateposted/,,1,,,,,,,,,,,
https://www.flickr.com/photos/britishlibrary/11220940403/in/dateposted/,,,,,,,,,,,1,,
https://www.flickr.com/photos/britishlibrary/11220835354/in/dateposted/,,1,,,,,,,,,,,
https://www.flickr.com/photos/britishlibrary/11220832405/in/dateposted/,1,,,,,,,,,,,,
https://www.flickr.com/photos/britishlibrary/11220938873/in/dateposted/,,1,,,,,,,,,,,
https://www.flickr.com/photos/britishlibrary/11220938603/in/dateposted/,,,,,,,1,,,,,,
https://www.flickr.com/photos/britishlibrary/11220938553/in/dateposted/,,,,,,,1,,,,,,
https://www.flickr.com/photos/britishlibrary/11220830405/in/dateposted/,,,,,,,,1,,,,,
https://www.flickr.com/photos/britishlibrary/11220847056/in/dateposted/,,,,,,,1,,,,,,
https://www.flickr.com/photos/britishlibrary/11220832844/in/dateposted/,,1,,,,,,,,,,,
https://www.flickr.com/photos/britishlibrary/11220936353/in/dateposted/,,1,,,,,,,,,,,
https://www.flickr.com/photos/britishlibrary/11220829135/in/dateposted/,,,,,,1,,,,,,,
https://www.flickr.com/photos/britishlibrary/11220831684/in/dateposted/,,,,,,,,,,1,,,
https://www.flickr.com/photos/britishlibrary/11220828235/in/dateposted/,,,,,,,,,,1,,,
https://www.flickr.com/photos/britishlibrary/11220839766/in/dateposted/,,,,,,1,,,,,,,
https://www.flickr.com/photos/britishlibrary/11220838626/in/dateposted/,,,,,,1,,,,,,,
https://www.flickr.com/photos/britishlibrary/11220824634/in/dateposted/,,,,,,,,,,1,,,
https://www.flickr.com/photos/britishlibrary/11220834676/in/dateposted/,,,,,,1,,,,,,,
https://www.flickr.com/photos/britishlibrary/11220833566/in/dateposted/,,,1,,,,,,,,,,
https://www.flickr.com/photos/britishlibrary/11220832556/in/dateposted/,,,,,,,,,,,,1,
https://www.flickr.com/photos/britishlibrary/11220814155/in/dateposted/,1,,,,,,,,,,,,
https://www.flickr.com/photos/britishlibrary/11220814674/in/dateposted/,,,,,,,,,,,1,,
https://www.flickr.com/photos/britishlibrary/11220811965/in/dateposted/,,,,,,,,,,1,,,
https://www.flickr.com/photos/britishlibrary/11220814584/in/dateposted/,,,,,,1,,,,,,,
https://www.flickr.com/photos/britishlibrary/11220913233/in/dateposted/,,,1,,,,,,,,,,
https://www.flickr.com/photos/britishlibrary/11220912123/in/dateposted/,,,1,,,,,,,,,,
https://www.flickr.com/photos/britishlibrary/11220911543/in/dateposted/,,,,,,,,,,1,,,
https://www.flickr.com/photos/britishlibrary/11220804015/in/dateposted/,,,,,,,,,,1,,,
https://www.flickr.com/photos/britishlibrary/11220806204/in/dateposted/,,,1,,,,,,,,,,
https://www.flickr.com/photos/britishlibrary/11220909863/in/dateposted/,,,1,,,,,,,,,,
https://www.flickr.com/photos/britishlibrary/11220812606/in/dateposted/,,,,,,,,,,1,,,
https://www.flickr.com/photos/britishlibrary/11220902203/in/dateposted/,,,,,,,,,,,1,,
https://www.flickr.com/photos/britishlibrary/11220796914/in/dateposted/,,,,,,,,,,1,,,
https://www.flickr.com/photos/britishlibrary/11220791105/in/dateposted/,,,,,,,,,,1,,,
https://www.flickr.com/photos/britishlibrary/11220806296/in/dateposted/,,,,,,1,,,,,,,
https://www.flickr.com/photos/britishlibrary/11220897503/in/dateposted/,,,,,,1,,,,,,,
https://www.flickr.com/photos/britishlibrary/11220789725/in/dateposted/,,,,,,1,,,,,,,
https://www.flickr.com/photos/britishlibrary/11220786714/in/dateposted/,,,,,,,,,,1,,,
https://www.flickr.com/photos/britishlibrary/11220784384/in/dateposted/,,,1,,,,,,,,,,
https://www.flickr.com/photos/britishlibrary/11220796866/in/dateposted/,,,,,,,,,,,,1,
https://www.flickr.com/photos/britishlibrary/11220779615/in/dateposted/,,,,,,1,,,,,,,
https://www.flickr.com/photos/britishlibrary/11220885883/in/dateposted/,,,,,,,,,,1,,,
https://www.flickr.com/photos/britishlibrary/11220885133/in/dateposted/,,,1,,,,,,,,,,
https://www.flickr.com/photos/britishlibrary/11220777295/in/dateposted/,,,1,,,,,,,,,,
https://www.flickr.com/photos/britishlibrary/11220883353/in/dateposted/,,,,,,,,,1,,,,
https://www.flickr.com/photos/britishlibrary/11220792116/in/dateposted/,,,1,,,,,,,,,,
https://www.flickr.com/photos/britishlibrary/11220792056/in/dateposted/,,,,,,1,,,,,,,
https://www.flickr.com/photos/britishlibrary/11220776305/in/dateposted/,,,,,,1,,,,,,,
https://www.flickr.com/photos/britishlibrary/11220773085/in/dateposted/,,,,,,,,,1,,,,
https://www.flickr.com/photos/britishlibrary/11220786806/in/dateposted/,,,,,,,,,,1,,,
https://www.flickr.com/photos/britishlibrary/11220785106/in/dateposted/,,,,,,1,,,,,,,
https://www.flickr.com/photos/britishlibrary/11220783046/in/dateposted/,,,1,,,,,,,,,,
https://www.flickr.com/photos/britishlibrary/11220872863/in/dateposted/,,,1,,,,,,,,,,
https://www.flickr.com/photos/britishlibrary/11220782286/in/dateposted/,,,1,,,,,,,,,,
https://www.flickr.com/photos/britishlibrary/11220872043/in/dateposted/,,,,,,,1,,,,,,
https://www.flickr.com/photos/britishlibrary/11220776346/in/dateposted/,,,1,,,,,,,,,,
https://www.flickr.com/photos/britishlibrary/11220866353/in/dateposted/,,,,,,,,,1,,,,
https://www.flickr.com/photos/britishlibrary/11220865243/in/dateposted/,,,,,,,,,,1,,,
https://www.flickr.com/photos/britishlibrary/11220758854/in/dateposted/,,,1,,,,,,,,,,
https://www.flickr.com/photos/britishlibrary/11220862103/in/dateposted/,1,,,,,,,,,,,,
https://www.flickr.com/photos/britishlibrary/11220861133/in/dateposted/,,1,,,,,,,,,,,
https://www.flickr.com/photos/britishlibrary/11220752725/in/dateposted/,,,,,,,,,1,,,,
https://www.flickr.com/photos/britishlibrary/11220752194/in/dateposted/,1,,,,,,,,,,,,
https://www.flickr.com/photos/britishlibrary/11220746314/in/dateposted/,,,,,,,1,,,,,,
https://www.flickr.com/photos/britishlibrary/11220846403/in/dateposted/,,,,,,,,,,1,,,
https://www.flickr.com/photos/britishlibrary/11220736555/in/dateposted/,,,,,,,,,,1,,,
https://www.flickr.com/photos/britishlibrary/11220736794/in/dateposted/,,,,,,,,,,1,,,
https://www.flickr.com/photos/britishlibrary/11220735714/in/dateposted/,,,1,,,,,,,,,,
https://www.flickr.com/photos/britishlibrary/11220750256/in/dateposted/,,,,,,,,,1,,,,
https://www.flickr.com/photos/britishlibrary/11220733305/in/dateposted/,,,,,,,1,,,,,,
https://www.flickr.com/photos/britishlibrary/11220838973/in/dateposted/,,,,,,,,,1,,,,
https://www.flickr.com/photos/britishlibrary/11220730254/in/dateposted/,,,,,,,,,,,,1,
https://www.flickr.com/photos/britishlibrary/11220728335/in/dateposted/,,,,,,,,,1,,,,
https://www.flickr.com/photos/britishlibrary/11220833333/in/dateposted/,,,,,,,,,,1,,,
https://www.flickr.com/photos/britishlibrary/11220727724/in/dateposted/,,,,,,,,,,1,,,
https://www.flickr.com/photos/britishlibrary/11220832793/in/dateposted/,,,,,,1,,,,,,,
https://www.flickr.com/photos/britishlibrary/11220723685/in/dateposted/,,,,,,,,,1,,,,
https://www.flickr.com/photos/britishlibrary/11220739096/in/dateposted/,,,,,,,,,,1,,,
https://www.flickr.com/photos/britishlibrary/11220722435/in/dateposted/,,,,,,,,1,,,,,
https://www.flickr.com/photos/britishlibrary/11220721445/in/dateposted/,,,,,,,,,,,,1,
https://www.flickr.com/photos/britishlibrary/11220736106/in/dateposted/,,,,,,,,,,,,1,
https://www.flickr.com/photos/britishlibrary/11220820683/in/dateposted/,,,1,,,,,,,,,,
https://www.flickr.com/photos/britishlibrary/11220819743/in/dateposted/,,,,,,,,,1,,,,
https://www.flickr.com/photos/britishlibrary/11220714454/in/dateposted/,,,,,,,,,,1,,,
https://www.flickr.com/photos/britishlibrary/11220711755/in/dateposted/,,,,,,,,,1,,,,
https://www.flickr.com/photos/britishlibrary/11220709585/in/dateposted/,,,,,,1,,,,,,,
https://www.flickr.com/photos/britishlibrary/11220724856/in/dateposted/,,,1,,,,,,,,,,
https://www.flickr.com/photos/britishlibrary/11220709634/in/dateposted/,,,,,,,,,,1,,,
https://www.flickr.com/photos/britishlibrary/11220702335/in/dateposted/,,,1,,,,,,,,,,
https://www.flickr.com/photos/britishlibrary/11220700144/in/dateposted/,,,,,,1,,,,,,,
https://www.flickr.com/photos/britishlibrary/11220802293/in/dateposted/,,,,,,1,,,,,,,
https://www.flickr.com/photos/britishlibrary/11220685735/in/dateposted/,,,,,,,1,,,,,,
https://www.flickr.com/photos/britishlibrary/11220791603/in/dateposted/,,,1,,,,,,,,,,
https://www.flickr.com/photos/britishlibrary/11220685504/in/dateposted/,,,1,,,,,,,,,,
https://www.flickr.com/photos/britishlibrary/11220683865/in/dateposted/,,,,,,1,,,,,,,
https://www.flickr.com/photos/britishlibrary/11220684234/in/dateposted/,,,,,,,,1,,,,,
https://www.flickr.com/photos/britishlibrary/11220682814/in/dateposted/,,,,,,,,,,1,,,
https://www.flickr.com/photos/britishlibrary/11220692896/in/dateposted/,,,,,,,,,,1,,,
https://www.flickr.com/photos/britishlibrary/11220674355/in/dateposted/,,,,,,,1,,,,,,
https://www.flickr.com/photos/britishlibrary/11220673574/in/dateposted/,,1,,,,,,,,,,,
https://www.flickr.com/photos/britishlibrary/11220670365/in/dateposted/,,,,,,1,,,,,,,
https://www.flickr.com/photos/britishlibrary/11220775953/in/dateposted/,,,,,,,,,,,,1,
https://www.flickr.com/photos/britishlibrary/11220668135/in/dateposted/,,,,,,,1,,,,,,
https://www.flickr.com/photos/britishlibrary/11220667655/in/dateposted/,,,,,,1,,,,,,,
https://www.flickr.com/photos/britishlibrary/11220668954/in/dateposted/,,,,,,,,,,1,,,
https://www.flickr.com/photos/britishlibrary/11220678276/in/dateposted/,,,,,,,1,,,,,,
https://www.flickr.com/photos/britishlibrary/11220657915/in/dateposted/,,,,,,,1,,,,,,
https://www.flickr.com/photos/britishlibrary/11220760203/in/dateposted/,,1,,,,,,,,,,,
https://www.flickr.com/photos/britishlibrary/11220756963/in/dateposted/,1,,,,,,,,,,,,
https://www.flickr.com/photos/britishlibrary/11220643354/in/dateposted/,,,,,,,1,,,,,,
https://www.flickr.com/photos/britishlibrary/11220639524/in/dateposted/,,,,,,,,1,,,,,
https://www.flickr.com/photos/britishlibrary/11220652856/in/dateposted/,,,,,,,,1,,,,,
https://www.flickr.com/photos/britishlibrary/11220743613/in/dateposted/,,1,,,,,,,,,,,
https://www.flickr.com/photos/britishlibrary/11220650616/in/dateposted/,,,,,,,,1,,,,,
https://www.flickr.com/photos/britishlibrary/11220635694/in/dateposted/,,,,,,,,,,,1,,
https://www.flickr.com/photos/britishlibrary/11220645986/in/dateposted/,,,,,,,,,,,,1,
https://www.flickr.com/photos/britishlibrary/11220645006/in/dateposted/,,1,,,,,,,,,,,
https://www.flickr.com/photos/britishlibrary/11220630114/in/dateposted/,,,,,,,,1,,,,,
https://www.flickr.com/photos/britishlibrary/11220628765/in/dateposted/,,,,,,,1,,,,,,
https://www.flickr.com/photos/britishlibrary/11220642456/in/dateposted/,,,,,,,1,,,,,,
https://www.flickr.com/photos/britishlibrary/11220735303/in/dateposted/,,1,,,,,,,,,,,
https://www.flickr.com/photos/britishlibrary/11220732743/in/dateposted/,,,,,,,1,,,,,,
https://www.flickr.com/photos/britishlibrary/11220627384/in/dateposted/,,,,,,,,,1,,,,
https://www.flickr.com/photos/britishlibrary/11220730343/in/dateposted/,1,,,,,,,,,,,,
https://www.flickr.com/photos/britishlibrary/11220622195/in/dateposted/,,,,,,,,1,,,,,
https://www.flickr.com/photos/britishlibrary/11220632226/in/dateposted/,,,,,,,,,1,,,,
https://www.flickr.com/photos/britishlibrary/11220721493/in/dateposted/,,,,,,,,,1,,,,
https://www.flickr.com/photos/britishlibrary/11220716693/in/dateposted/,1,,,,,,,,,,,,
https://www.flickr.com/photos/britishlibrary/11220610285/in/dateposted/,,,,,,,,1,,,,,
https://www.flickr.com/photos/britishlibrary/11220719763/in/dateposted/,,,,,,,1,,,,,,
https://www.flickr.com/photos/britishlibrary/11220612114/in/dateposted/,,,,,,,,1,,,,,
https://www.flickr.com/photos/britishlibrary/11220608515/in/dateposted/,,,,,,,,1,,,,,
https://www.flickr.com/photos/britishlibrary/11220715113/in/dateposted/,,1,,,,,,,,,,,
https://www.flickr.com/photos/britishlibrary/11220622246/in/dateposted/,,,,,,,,1,,,,,
https://www.flickr.com/photos/britishlibrary/11220621616/in/dateposted/,,,,,,,1,,,,,,
https://www.flickr.com/photos/britishlibrary/11220603045/in/dateposted/,,,,,,,,1,,,,,
https://www.flickr.com/photos/britishlibrary/11220602824/in/dateposted/,,1,,,,,,,,,,,
https://www.flickr.com/photos/britishlibrary/11220617986/in/dateposted/,,1,,,,,,,,,,,
https://www.flickr.com/photos/britishlibrary/11220601984/in/dateposted/,,,,,,,,,1,,,,
https://www.flickr.com/photos/britishlibrary/11220708013/in/dateposted/,,1,,,,,,,,,,,
https://www.flickr.com/photos/britishlibrary/11220600135/in/dateposted/,,,,,,,,1,,,,,
https://www.flickr.com/photos/britishlibrary/11220598995/in/dateposted/,,1,,,,,,,,,,,
https://www.flickr.com/photos/britishlibrary/11220599124/in/dateposted/,,,,,,1,,,,,,,
https://www.flickr.com/photos/britishlibrary/11220598285/in/dateposted/,,,,,,,,,1,,,,
https://www.flickr.com/photos/britishlibrary/11220705883/in/dateposted/,,,,,,,,,,,,1,
https://www.flickr.com/photos/britishlibrary/11218308053/in/dateposted/,1,,,,,,,,,,,,
https://www.flickr.com/photos/britishlibrary/11218187045/in/dateposted/,,1,,,,,,,,,,,
https://www.flickr.com/photos/britishlibrary/11218186325/in/dateposted/,,,,,,,,,1,,,,
https://www.flickr.com/photos/britishlibrary/11218185385/in/dateposted/,,1,,,,,,,,,,,
https://www.flickr.com/photos/britishlibrary/11218304933/in/dateposted/,1,,,,,,,,,,,,
https://www.flickr.com/photos/britishlibrary/11218303623/in/dateposted/,,1,,,,,,,,,,,
https://www.flickr.com/photos/britishlibrary/11218178944/in/dateposted/,,,,,,,,1,,,,,
https://www.flickr.com/photos/britishlibrary/11218297483/in/dateposted/,,,,,,,,,,,,1,
https://www.flickr.com/photos/britishlibrary/11218176605/in/dateposted/,,1,,,,,,,,,,,
https://www.flickr.com/photos/britishlibrary/11218172154/in/dateposted/,,1,,,,,,,,,,,
https://www.flickr.com/photos/britishlibrary/11218169185/in/dateposted/,1,,,,,,,,,,,,
https://www.flickr.com/photos/britishlibrary/11218165284/in/dateposted/,,,,,,1,,,,,,,
https://www.flickr.com/photos/britishlibrary/11218162024/in/dateposted/,,,,,,,1,,,,,,
https://www.flickr.com/photos/britishlibrary/11218283263/in/dateposted/,,,,,,,1,,,,,,
https://www.flickr.com/photos/britishlibrary/11218172236/in/dateposted/,,,,,,,,1,,,,,
https://www.flickr.com/photos/britishlibrary/11218155785/in/dateposted/,,1,,,,,,,,,,,
https://www.flickr.com/photos/britishlibrary/11218153184/in/dateposted/,,1,,,,,,,,,,,
https://www.flickr.com/photos/britishlibrary/11218269953/in/dateposted/,,,,,,,,1,,,,,
https://www.flickr.com/photos/britishlibrary/11218268553/in/dateposted/,,1,,,,,,,,,,,
https://www.flickr.com/photos/britishlibrary/11218268133/in/dateposted/,,,,,,,1,,,,,,
https://www.flickr.com/photos/britishlibrary/11218162216/in/dateposted/,,1,,,,,,,,,,,
https://www.flickr.com/photos/britishlibrary/11218266473/in/dateposted/,,1,,,,,,,,,,,
https://www.flickr.com/photos/britishlibrary/11218144345/in/dateposted/,,,,,,,,,1,,,,
https://www.flickr.com/photos/britishlibrary/11218142774/in/dateposted/,,1,,,,,,,,,,,
https://www.flickr.com/photos/britishlibrary/11218142184/in/dateposted/,,,,,,,1,,,,,,
https://www.flickr.com/photos/britishlibrary/11218131985/in/dateposted/,,,,,,,1,,,,,,
https://www.flickr.com/photos/britishlibrary/11218123545/in/dateposted/,,,,,,1,,,,,,,
https://www.flickr.com/photos/britishlibrary/11218140726/in/dateposted/,,1,,,,,,,,,,,
https://www.flickr.com/photos/britishlibrary/11218241123/in/dateposted/,,1,,,,,,,,,,,
https://www.flickr.com/photos/britishlibrary/11218239263/in/dateposted/,,,,,,,,1,,,,,
https://www.flickr.com/photos/britishlibrary/11218117414/in/dateposted/,,1,,,,,,,,,,,
https://www.flickr.com/photos/britishlibrary/11218120756/in/dateposted/,1,,,,,,,,,,,,
https://www.flickr.com/photos/britishlibrary/11218226833/in/dateposted/,,1,,,,,,,,,,,
https://www.flickr.com/photos/britishlibrary/11218099344/in/dateposted/,,,,,,,1,,,,,,
https://www.flickr.com/photos/britishlibrary/11218097466/in/dateposted/,1,,,,,,,,,,,,
https://www.flickr.com/photos/britishlibrary/11218082954/in/dateposted/,1,,,,,,,,,,,,
https://www.flickr.com/photos/britishlibrary/11218081504/in/dateposted/,,,,,,,,1,,,,,
https://www.flickr.com/photos/britishlibrary/11218079774/in/dateposted/,,1,,,,,,,,,,,
https://www.flickr.com/photos/britishlibrary/11218087526/in/dateposted/,1,,,,,,,,,,,,
https://www.flickr.com/photos/britishlibrary/11208393863/in/dateposted/,,,,,,,,,1,,,,
https://www.flickr.com/photos/britishlibrary/11208258835/in/dateposted/,,,,,,,,,1,,,,
https://www.flickr.com/photos/britishlibrary/11208261634/in/dateposted/,,,,,,,,,,,,1,
https://www.flickr.com/photos/britishlibrary/11208240224/in/dateposted/,,,,,,,,,,,,1,
https://www.flickr.com/photos/britishlibrary/11208351153/in/dateposted/,,,,,,,,,,,,1,
https://www.flickr.com/photos/britishlibrary/11208219895/in/dateposted/,,,,1,,,,,,,,,
https://www.flickr.com/photos/britishlibrary/11208210864/in/dateposted/,,,,,,,,,1,,,,
https://www.flickr.com/photos/britishlibrary/11208200404/in/dateposted/,,,,,,1,,,,,,,
https://www.flickr.com/photos/britishlibrary/11208311553/in/dateposted/,,,,1,,,,,,,,,
https://www.flickr.com/photos/britishlibrary/11208192994/in/dateposted/,,,,,,1,,,,,,,
https://www.flickr.com/photos/britishlibrary/11208180645/in/dateposted/,,,,,,1,,,,,,,
https://www.flickr.com/photos/britishlibrary/11208174514/in/dateposted/,,,,,,,,,,,1,,
https://www.flickr.com/photos/britishlibrary/11208252923/in/dateposted/,,,,,,1,,,,,,,
https://www.flickr.com/photos/britishlibrary/11208131485/in/dateposted/,,,,,,1,,,,,,,
https://www.flickr.com/photos/britishlibrary/11208232923/in/dateposted/,,,,,,1,,,,,,,
https://www.flickr.com/photos/britishlibrary/11208125666/in/dateposted/,,,,,,,,,,,1,,
https://www.flickr.com/photos/britishlibrary/11208121056/in/dateposted/,,,,,,,,,,,,1,
https://www.flickr.com/photos/britishlibrary/11208107746/in/dateposted/,,,,,,,,,,,,1,
https://www.flickr.com/photos/britishlibrary/11208087784/in/dateposted/,,,,,,1,,,,,,,
https://www.flickr.com/photos/britishlibrary/11208075535/in/dateposted/,,,,,,,,,1,,,,
https://www.flickr.com/photos/britishlibrary/11208080024/in/dateposted/,,,,,,,,,1,,,,
https://www.flickr.com/photos/britishlibrary/11208080014/in/dateposted/,,,,,,,,,,,,1,
https://www.flickr.com/photos/britishlibrary/11208051604/in/dateposted/,,,,,,,,,1,,,,
https://www.flickr.com/photos/britishlibrary/11208137473/in/dateposted/,,,,,,1,,,,,,,